Makerspaces in GA - galibtech,https://galibtech.georgialibraries.org/emerging/makerspaces-in-ga,"Makerspaces in Georgia's public libraries have a variety of equipment and offer programs covering topics such as laser cutting, computer programming and 3D "
Decatur Makers | All Ages Georgia Makerspace,https://www.decaturmakers.org/,"We offer free, public maker clubs for youth"
"Makerspaces in Atlanta, Georgia, GA",https://makerspacedir.com/location/atlanta-ga/,"Makerspace, Hackerspaces, Fablabs, Coworking spaces, and other creatives in Atlanta, GA"
Freeside Atlanta: Makerspace,https://www.freesideatlanta.org/,"Freeside Atlanta is a community of makers, artists, teachers, and creatives coming together to make whatever we feel like"
Makerspaces | College of Engineering,https://coe.gatech.edu/academics/makerspaces,The AI Makerspace is a supercomputer hub that gives students access to computing resources typically available only to researchers or tech companies
McBay Science Library Makerspace,https://www.libs.uga.edu/science/makerspace,"We are a campus-wide resource supporting all UGA students in creative making for educational, non-commercial purposes"
The Hive Makerspace – Georgia Tech's IDC Makerspace,https://hive.ece.gatech.edu/,"The Interdisciplinary Design Commons, better known as the Hive Makerspace, is here to provide the Georgia Tech community with accessible engineering space and "
"Cherokee Makerspace - Acworth, Woodstock, Kennesaw ...",https://www.cherokeemakerspace.org/,"Cherokee Makerspace is where makers and tinkerers of all ages can share ideas, build prototypes and incubate a new business"
MASS Collective | Atlanta's Community Makerspace,https://www.masscollective.org/,"Whether you work in wood, glass, leather, metal, electronics, whatever: We have a class or shop membership for your craft"
Ellijay Makerspace,https://ellijaymakerspace.org/,Ellijay Makerspace is a community-operated workspace
"EXLAB - Experience, Experiment, Explore | GSU Technology",https://technology.gsu.edu/technology-services/technology-labs-printing/exlab/,Visit an EXLAB Makerspace 
The Garage | UWG,https://www.westga.edu/academics/thegarage.php,"Discover The Garage at the University of West Georgia, an innovative space designed for creativity and collaboration "
The Garage | Georgia Cyber Innovation & Training Center,https://www.gacybercenter.org/services/thegarage/,The Garage is the Georgia Cyber Innovation & Training Center's maker space
makerspaces Archives | Georgia Public Library ...,https://georgialibraries.org/category/makerspaces/,"Makerspaces help kids gain confidence, learn skills and expand possibilities"
Makerspace - Research Guides at Middle Georgia State ...,https://guides.mga.edu/maker,"Nov 18, 2024 — What is the makerspace? · The makerspaces are areas in the Cochran and Macon libraries for currently enrolled students to use equipment for "
8 Georgia MakerSpaces We Love!,https://www.sparkmacon.com/8-georgia-makerspaces-we-love/,"Oct 20, 2014 — 8 Georgia MakerSpaces We Love"
EXLAB Makerspace,https://calendar.gsu.edu/group/exlab,"The EXLAB makerspace is a collaborative environment centered around experiential learning, creativity, and innovation"
Van Leer Interdisciplinary Design Commons & Makerspace,https://www.gtalumni.org/?sid=1481&gid=21&pgid=18505&cid=40516&ecid=40516&crid=0&calpgid=18477&calcid=40515,
Georgia Tech Aero Maker Space (@aeromakerspace),https://www.instagram.com/aeromakerspace/?hl=en,Machine Shop
Upcoming Makerspace Events,https://libraries.uga.edu/science/makerspace/calendar/month,Upcoming Makerspace Events
Georgia Tech | MRDC Makerspace,https://www.hlgstudio.com/georgia-tech-makerspace,Georgia Tech | MRDC Makerspace
Maker Space gives future educators the tools to get creative,https://frontpage.gcsu.edu/node/8914,"Oct 11, 2021 — 3D printers"
Tours - ISAM 2022 - Higher Education Makerspaces Initiative,https://isam2022.hemi-makers.org/tours/,
Georgia Tech's 'AI Makerspace' preparing students for new ...,https://www.atlantanewsfirst.com/2024/05/14/georgia-techs-ai-makerspace-preparing-students-new-world/,"May 14, 2024 — Georgia Tech's 'AI  "
Woodworking / Makerspaces in Atlanta or surrounding ...,https://www.reddit.com/r/Atlanta/comments/onke2i/woodworking_makerspaces_in_atlanta_or_surrounding/,r/Atlanta · 2
Innovation Studio | Instructional Support and Resources ...,https://www.georgiasouthern.edu/coe/isrc/innovation-studio/,"Jul 25, 2023 — Learn more about The Innovation Studio at Georgia Southern where we strive to prepare future leaders to learn, make, and play with cutting "
Makerspace - Georgia O'Keefe Elementary School,https://georgiaokeeffe.aps.edu/activities/makerspace,Makerspace - Georgia O'Keefe Elementary School
"THE BEST 10 Makerspaces in ATLANTA, GA",https://www.yelp.com/search?cflt=makerspaces&find_loc=Atlanta%2C+GA,"Top 10 Best Makerspaces Near Atlanta, Georgia - With Real Reviews · 1"
The Maker Station Wiki!,https://themakerstation.com/,"Jul 16, 2024 — -- Marietta's Makerspace --"
Are there any makerspace beside from invention studio ...,https://www.reddit.com/r/gatech/comments/pmdeyj/are_there_any_makerspace_beside_from_invention/,"r/gatech · Here's how Georgia Tech can still make the ACC Championship Game, and by proxy, the College Football Playoff"
Makerspace • | Tbilisi,https://www.facebook.com/Makerspacebar/,"He has performed at every notable club/festival in Georgia, renowned for his profound connection with listeners and carefully selected music"
Invention Studio at Georgia Tech - Global - Maker Faire,https://atlanta.makerfaire.com/maker/entry/106/,The Invention Studio at Georgia Tech is the nation's largest student run maker space
Georgia Tech's Makerspace is a Model for Higher Education,https://makezine.com/article/education/georgia-techs-makerspace-is-a-model-for-higher-education/,"Mar 28, 2013 — Dr"
"THE BEST 10 Makerspaces in GAINESVILLE, GA",https://www.yelp.com/search?cflt=makerspaces&find_loc=Gainesville%2C+GA,1
makerspace | Business Innovation Group (BIG),https://www.georgiasouthern.edu/research/big/tag/makerspace/,"Area businesses and entrepreneurs now have access to office and meeting spaces, computers and software, 3-D printers and other tools through the Georgia "
GeekspaceGwinnett,https://www.geekspacegwinnett.org/index.php/Main_Page,"Sep 25, 2024 — Geekspace Gwinnett is a non-profit makerspace servicing Gwinnett County and surrounding areas"
"Makerspaces in Alpharetta, Georgia, GA",https://makerspacedir.com/location/alpharetta-ga/,"Makerspace, Hackerspaces, Fablabs, Coworking spaces, and other creatives in Alpharetta, Georgia"
TechLab | Emory University | Atlanta GA,https://ats.emory.edu/sdl/techlab/index.html,Emory's central makerspace and emerging technologies lab
Innovate | Georgia College & State ...,https://www.gcsu.edu/imagine2030/innovate,A student uses a 3-D printer at a makerspace at Georgia College
Invention Studio - Georgia Institute of Technology,https://gatech.campuslabs.com/engage/organization/invention-studio,The Invention Studio is a student-run makerspace open to all in the Georgia Tech community
Best Makerspaces in Metro Atlanta,https://www.atlantaparent.com/makerspaces-in-metro-atlanta/,"Jan 21, 2019 — Decatur Makers · Geekspace Gwinnett, Suwanee · Mass Collective, Atlanta · The Maker Station, Marietta · The Hapeville Maker Space · Meet Five Atlanta "
Arts and Crafts in Atlanta,https://steampunk-explorer.com/city-guides/atlanta/arts-and-crafts,Fabrication Services/Makerspaces
Georgia Cyber Center Makerspace,https://secure.touchnet.com/C26625_ustores/web/product_detail.jsp?PRODUCTID=548,Georgia Cyber Center Makerspace
The Hapeville Maker Space,https://www.hapevillemakerspace.com/,The Hapeville Maker Space (HMS) offers a welcoming and collaborative environment with a variety of versatile workspaces available for rent
Makerspaces,https://www.aischool.org/innovation/makerspaces,"The Makerspaces are in addition to dedicated science laboratories, design studios and the beautiful art loft"
Cherokee Makerspace,https://www.facebook.com/cherokeemakerspace/,"Cherokee Makerspace, Acworth, Georgia"
Makerspace - Invention Studio,https://www.stanwinstonschool.com/landing_pages/makerspace-georgia-tech,"Georgia Tech's Invention Studio wants to bring Stan Winston School's online classes taught by Hollywood's finest FX artists and technicians, to the Maker "
K-Space,https://engineering.kennesaw.edu/makerspace/index.php,ft makerspace located in Room 308 within the Southern Polytechnic College of Engineering and Engineering Technology (SPCEET) at Kennesaw State University
Georgia - HackerspaceWiki,https://wiki.hackerspaces.org/Georgia,"Dec 1, 2008 — Hackerspaces/Makerspace in Georgia are[edit]"
Georgia Tech unveils new AI makerspace in collaboration ...,https://www.ecampusnews.com/ai-in-education/2024/05/07/georgia-tech-unveils-new-ai-makerspace/,"May 7, 2024 — Georgia Tech's College of Engineering has established an artificial intelligence supercomputer hub dedicated exclusively to teaching students"
Space Availability - Macon Campus Library Makerspace,https://mga.libcal.com/reserve/spaces/macon_library_makerspace,Middle Georgia State University MGA Library Appointments 
Savannah Makerspace – Savvy Makers in the Heart of ...,https://www.savannahmakerspace.org/,"At Savannah MakerSpace our mission is to create a unique place where individuals can come together to connect, collaborate, and unleash their creativity"
What's in the Space?,https://decaturmakers.org/about/whats-in-the-space/,Hover over a hotspot to find out what's what in our maker space
Georgia Tech Aero Maker Space - Senior Spotlight!,https://www.instagram.com/aeromakerspace/p/DDLJq1aP5Fi/,"Photo shared by Georgia Tech Aero Maker Space on December 04, 2024 tagging @lauren4c"
Harris County Public Library Makerspace,https://thrl.org/locations/makerspace.php,Harris County Public Library Makerspace
Georgia Magazine - June 2024 - 28,https://www.nxtbook.com/nxtbooks/gemc/georgia_202406/index.php?startid=28,Georgia Tech's makerspaces
Maker Groups in Georgia,https://www.bulbapp.com/u/maker-groups-in-georgia,"Jun 6, 2021 — Makerspaces of Georgia"
The Hive - IDC Makerspace - Georgia Institute of Technology,https://www.linkedin.com/in/the-hive,"Makerspace at Georgia Institute of Technology · The Hive is the student organization that runs Georgia Tech's newest makerspace, the Interdisciplinary "
Garage Makerspace,https://augustainnovation.com/about,THE GARAGE MAKERSPACE
Georgia Tech Unveils AI Makerspace with NVIDIA,https://insidehpc.com/2024/04/georgia-tech-unveils-ai-makerspace-with-nvidia/,"Apr 11, 2024 — Georgia Tech Unveils AI Makerspace with NVIDIA "
Offices + Maker Spaces in Atlanta GA,https://www.pittsburghyards.com/grow/offices-maker-spaces/,"Our flexible office and creative Atlanta makerspaces include 24/7 access to the The Nia Building™–the stunning, dynamic heart of Pittsburgh Yards"
"New 'makerspace' at Lovett encourages tinkering, problem ...",https://www.ajc.com/news/local-education/new-makerspace-lovett-encourages-tinkering-problem-solving/NxyGDUWDsUabRbmStBkwVL/,"Jul 29, 2014 — "
"Makerspace Jobs, Employment in Georgia",https://www.indeed.com/q-makerspace-l-georgia-jobs.html,2 Makerspace jobs available in Georgia on Indeed
How Georgia Tech's AI Makerspace Is Preparing the Future ...,https://soundcloud.com/theaipodcast/georgia-tech,Play How Georgia Tech's AI Makerspace Is Preparing the Future Workforce for AI - Ep
Georgia Tech Unveils New AI Makerspace in Collaboration ...,https://theaiinsider.tech/2024/04/11/georgia-tech-unveils-new-ai-makerspace-in-collaboration-with-nvidia/,"Apr 11, 2024 — Insider Brief Georgia Tech's College of Engineering collaborates with NVIDIA to launch the AI Makerspace, a supercomputer hub dedicated to "
Georgia Tech and NVIDIA forge partnership to empower ...,https://www.wabe.org/georgia-tech-nvidia-forge-partnership/,"Apr 11, 2024 — Georgia Tech officials unveiled its new AI Makerspace, which the school says is the first of its kind in the nation, loaded with 3D printers and "
Makerspace,https://gchrl.org/calendar/makerspace/,Makerspace
Georgia Tech Unveils New AI Makerspace in Collaboration ...,https://metroatlantaceo.com/news/2024/04/georgia-tech-unveils-new-ai-makerspace-collaboration-nvidia/,"Apr 15, 2024 — Georgia Tech Unveils New AI Makerspace in Collaboration with NVIDIA "
MakerSpace - Robotics,https://www.darlingtonschool.org/ExploreDarlington/OurCampus/4602257,"The Upper School MakerSpace houses the school's robotics classes and the DarBots, Darlington's robotics team"
Georgia Tech | The Kendeda Makerspace is a pioneering eco ...,https://www.instagram.com/georgiatech/reel/CxdObATOiX4/,
Georgia Tech embraces artificial intelligence with new “ ...,https://saportareport.com/georgia-tech-embraces-artificial-intelligence-with-new-digital-sandbox-that-will-equip-students-with-resources-in-the-age-of-ai/sections/reports/mark-lannaman/,"Apr 29, 2024 — The university had five makerspaces listed on their website before the introduction of the AI Makerspace, with focuses ranging across multiple "
Makerspace at the Early Learning Center,https://www.westga.edu/academics/education/early-learning-center/makerspace-early-learning-center.php,Pre-K Students working on a makerspace activity together PreK students learning with a makerspace activity
Georgia Tech Aero Maker Space - Global - Maker Faire,https://atlanta.makerfaire.com/maker/entry/369/,"The Aero Maker Space seeks to inspire, facilitate and enable student creativity"
Georgia Tech unveils new AI Makerspace Hub,https://www.fox5atlanta.com/news/georgia-tech-unveils-new-ai-makerspace-hub,"Apr 11, 2024 — Georgia Tech has introduced a groundbreaking AI supercomputer hub, geared towards equipping students with the necessary skills for thriving "
How Georgia Tech's AI Makerspace Equips Students With AI,https://blogs.nvidia.com/blog/georgia-tech-ai-makerspace-supercomputer/,"Jul 24, 2024 — The AI Makerspace underscores Georgia Tech's commitment to preparing students for an AI-driven future, while fostering collaboration with local schools and "
How Georgia Tech's AI Makerspa - The AI Podcast,https://podcasts.apple.com/us/podcast/how-georgia-techs-ai-makerspace-is-preparing-the/id1186480811?i=1000663203124,"Jul 23, 2024 — AI is set to transform the workforce — and the Georgia Institute of Technology's new AI Makerspace is helping tens of thousands of students "
MakerSpace wave hits GeorgiaTECH university,https://3dprintingindustry.com/news/makerspace-wave-hits-georgiatech-university-97889/,"Nov 4, 2016 — The School of Materials Science and Engineering (MSE) at Georgia Institute of Technology (GATECH) is the latest venue to offer a MakerSpace and has opened a "
Unique Spaces for Every Passion and Ability at the Library,https://www.cobbcounty.org/library/news/unique-spaces-every-passion-and-ability-library,Discover Your Talent: Creative Studios our Audio/Visual Makerspace 
Georgia Tech unveils AI Makerspace hub in collaboration ...,https://www.ept.ca/2024/04/georgia-tech-unveils-ai-makerspace-hub-in-collaboration-with-nvidia/,"Apr 10, 2024 — Georgia Tech unveils AI Makerspace hub in collaboration with NVIDIA "
Georgia Tech's AI Makerspace in Partnership with NVIDIA,https://www.linkedin.com/pulse/georgia-techs-ai-makerspace-partnership-nvidia-3njbf?trk=public_post,Georgia Tech's College of Engineering launched an artificial intelligence (AI) supercomputer hub dedicated to student education earlier this 
The Maker Station,https://www.meetup.com/the-maker-station/,
Georgia Tech Partners with NVIDIA for AI Makerspace Hub,https://embeddedcomputing.com/technology/ai-machine-learning/ai-dev-tools-frameworks/georgia-tech-partners-with-nvidia-for-an-ai-makerspace-hub,"Apr 25, 2024 — Cheryl Martin, director of Higher Education and Research at NVIDIA says, “Georgia Tech's AI Makerspace will provide students with access to "
SVG Creation in the Makerspace - Event Calendar,https://calendar.augusta.edu/event/svg-creation-in-the-makerspace/,"Thursday, February 22, 2024 1:00 PM - 2:00 PM (ET)"
Exploring Access to University Makerspaces - JMU,https://www.jmu.edu/news/research/2022/05-22-exploring_access_to_university_makerspaces.shtml,"May 5, 2022 — "
How Georgia Tech's AI Makerspace Is Preparing the Future ...,https://open.spotify.com/episode/3W5sfnXEPy5rK2gHeST1YV,"Jul 24, 2024 — Listen to this episode from The AI Podcast on Spotify"
Makerspace,https://sjes.jacksonschoolsga.org/student-services/media-center/makerspace,"Please contact our media specialist, Lisa Wilbanks at lwilbanks@jcss"
Sumo Robot League: From Makerspace to Marketplace,https://georgia.org/video/sumo-robot-league-from-makerspace-to-marketplace,
Learning Labs,https://www.gwinnettpl.org/learninglabs/,2022
8 Georgia MakerSpaces We Love!,https://www.pinterest.com/pin/8-georgia-makerspaces-we-love--289074869812545687/,8 Georgia MakerSpaces We Love
Georgia Tech Unveils New AI Makerspace in Collaboration ...,https://www.hpcwire.com/off-the-wire/georgia-tech-unveils-new-ai-makerspace-in-collaboration-with-nvidia/,"Apr 10, 2024 — The AI Makerspace is launched in collaboration with NVIDIA"
Invention Studio at Georgia Tech,https://www.youtube.com/channel/UCwi3OizkOLpvKKRJfOFazvQ,The Invention Studio is a student run makerspace located in the Flowers Invention Studio
The Invention Studio: A University Maker Space and Culture,https://advances.asee.org/wp-content/uploads/vol04/issue02/papers/AEE-14-1-Forest.pdf,"by CR FOREST · 2014 · Cited by 208 — AMP-IT-UP is led by the Georgia Tech School of Mechanical Engineering, in close collaboration with Georgia"
"Danfei Xu on X: ""160 H100 for GT Makerspace!"" / X",https://x.com/danfei_xu/status/1778093315025731754,"Apr 10, 2024 — "
Button Maker and Other Resources - Makerspace,https://guides.mga.edu/c.php?g=1163557&p=8513281,"Oct 30, 2024 — Middle Georgia State University Library · Research Guides · General/ Reference · Makerspace"
4 Middle Georgia Makerspaces to Boost Your Creativity,http://inspiredtoeducate.net/inspiredtoeducate/4-middle-georgia-makerspaces-to-boost-your-creativity/,"Apr 28, 2016 — SparkMacon is a community innovation space equipped with art and technology tools, equipment, and expertise for students, tinkerers and entrepreneurs"
Makerspace Resources,https://www.renovatedlearning.com/makerspace-resources/,He collaborates with the University of Georgia and often brings the makerspace into his curriculum collaborations with teachers
Georgia Tech Introduces AI Makerspace with NVIDIA,https://www.asiaeducationreview.com/others/news/georgia-tech-introduces-ai-makerspace-with-nvidia-nwid-1580.html,"Apr 12, 2024 — The AI Makerspace seeks to equip students with essential AI skills, positioning them favourably for post-graduation endeavours as they "
